[
  {
    "category": "Geografia",
    "question": "Qual é a capital do Brasil?",
    "options": [
      "Rio de Janeiro",
      "São Paulo",
      "Brasília",
      "Salvador"
    ],
    "answer": "Brasília"
  },
  {
    "category": "Arte",
    "question": "Quem pintou a Mona Lisa?",
    "options": [
      "Vincent van Gogh",
      "Leonardo da Vinci",
      "Pablo Picasso",
      "Claude Monet"
    ],
    "answer": "Leonardo da Vinci"
  },
  {
    "category": "Geografia",
    "question": "Qual é o maior oceano do mundo?",
    "options": [
      "Oceano Atlântico",
      "Oceano Índico",
      "Oceano Pacífico",
      "Oceano Ártico"
    ],
    "answer": "Oceano Pacífico"
  },
  {
    "category": "Ciência",
    "question": "Quantos planetas fazem parte do nosso sistema solar?",
    "options": [
      "7",
      "8",
      "9",
      "10"
    ],
    "answer": "8"
  },
  {
    "category": "Ciência",
    "question": "Qual é o elemento químico mais abundante na crosta terrestre?",
    "options": [
      "Ferro",
      "Oxigênio",
      "Silício",
      "Alumínio"
    ],
    "answer": "Oxigênio"
  },
  {
    "category": "História",
    "question": "Em que ano o Brasil proclamou sua independência?",
    "options": [
      "1822",
      "1889",
      "1500",
      "1808"
    ],
    "answer": "1822"
  },
  {
    "category": "Literatura",
    "question": "Quem escreveu 'Dom Casmurro'?",
    "options": [
      "Machado de Assis",
      "José de Alencar",
      "Clarice Lispector",
      "Carlos Drummond de Andrade"
    ],
    "answer": "Machado de Assis"
  },
  {
    "category": "Esportes",
    "question": "Qual país sediou a Copa do Mundo de 2014?",
    "options": [
      "Alemanha",
      "Brasil",
      "África do Sul",
      "Rússia"
    ],
    "answer": "Brasil"
  }
]

